instant,dteday,season,yr,mnth,holiday,weekday,workingday,weathersit,temp,atemp,hum,windspeed,casual,registered,cnt
1,2011-01-01,1,0,1,0,6,0,2,14.1,18.2,80.6,10.7,331,654,985
2,2011-01-02,1,0,1,0,0,0,2,14.9,17.7,69.6,16.7,131,670,801
3,2011-01-03,1,0,1,0,1,1,1,8.1,9.5,43.7,16.6,120,1229,1349
4,2011-01-04,1,0,1,0,2,1,1,8.2,10.6,59.0,10.7,108,1454,1562
5,2011-01-05,1,0,1,0,3,1,1,9.3,11.5,43.7,12.5,82,1518,1600
6,2011-01-06,1,0,1,0,4,1,1,8.4,11.7,51.8,6.0,88,1518,1606
7,2011-01-07,1,0,1,0,5,1,2,8.1,10.4,49.9,11.3,148,1362,1510
8,2011-01-08,1,0,1,0,6,0,2,6.8,8.1,53.6,17.9,68,891,959
9,2011-01-09,1,0,1,0,0,0,1,5.7,5.8,43.4,24.3,54,768,822
10,2011-01-10,1,0,1,0,1,1,1,6.2,7.5,48.3,15.0,41,1280,1321
11,2011-01-11,1,0,1,0,2,1,2,6.9,9.6,68.6,8.2,43,1220,1263
12,2011-01-12,1,0,1,0,3,1,1,7.1,8.0,60.0,20.4,25,1137,1162
13,2011-01-13,1,0,1,0,4,1,1,6.8,7.5,47.0,20.2,38,1368,1406
14,2011-01-14,1,0,1,0,5,1,1,6.6,9.4,53.8,8.5,54,1367,1421
15,2011-01-15,1,0,1,0,6,0,2,9.6,12.4,49.9,10.6,222,1026,1248
16,2011-01-16,1,0,1,0,0,0,1,9.5,11.7,48.4,12.6,251,953,1204
17,2011-01-17,1,0,1,1,1,0,2,7.2,8.8,53.8,13.0,117,883,1000
18,2011-01-18,1,0,1,0,2,1,2,8.9,11.6,86.2,9.8,9,674,683
19,2011-01-19,1,0,1,0,3,1,2,12.0,14.9,74.2,14.0,78,1572,1650
20,2011-01-20,1,0,1,0,4,1,2,10.7,12.8,53.8,13.1,83,1844,1927
21,2011-01-21,1,0,1,0,5,1,1,7.3,7.9,45.7,23.7,75,1468,1543
22,2011-01-22,1,0,1,0,6,0,1,2.4,4.0,40.0,11.5,93,888,981
23,2011-01-23,1,0,1,0,0,0,1,4.0,4.9,43.7,16.5,150,836,986
24,2011-01-24,1,0,1,0,1,1,1,4.0,5.9,49.2,10.6,86,1330,1416
25,2011-01-25,1,0,1,0,2,1,2,9.2,11.7,61.7,8.7,186,1799,1985
26,2011-01-26,1,0,1,0,3,1,3,8.9,10.2,86.2,19.7,34,472,506
27,2011-01-27,1,0,1,0,4,1,1,8.0,11.0,68.8,7.6,15,416,431
28,2011-01-28,1,0,1,0,5,1,2,8.3,11.2,79.3,8.3,38,1129,1167
29,2011-01-29,1,0,1,0,6,0,1,8.1,10.6,65.2,9.7,123,975,1098
30,2011-01-30,1,0,1,0,0,0,1,8.9,12.5,72.2,5.0,140,956,1096
31,2011-01-31,1,0,1,0,1,1,2,7.4,9.3,60.4,12.5,42,1459,1501
32,2011-02-01,1,0,2,0,2,1,2,7.9,11.7,83.0,3.6,47,1313,1360
33,2011-02-02,1,0,2,0,3,1,2,10.7,12.7,77.5,17.7,72,1454,1526
34,2011-02-03,1,0,2,0,4,1,1,7.7,8.9,43.8,18.6,61,1489,1550
35,2011-02-04,1,0,2,0,5,1,2,8.7,11.4,58.5,8.6,88,1620,1708
36,2011-02-05,1,0,2,0,6,0,2,9.6,12.2,92.9,10.8,100,905,1005
37,2011-02-06,1,0,2,0,0,0,1,11.7,14.6,56.8,9.5,354,1269,1623
38,2011-02-07,1,0,2,0,1,1,1,11.1,15.2,73.8,3.0,120,1592,1712
39,2011-02-08,1,0,2,0,2,1,1,9.1,9.9,53.8,24.3,64,1466,1530
40,2011-02-09,1,0,2,0,3,1,2,5.5,7.2,49.5,12.7,53,1552,1605
41,2011-02-10,1,0,2,0,4,1,1,5.9,7.5,43.7,14.9,47,1491,1538
42,2011-02-11,1,0,2,0,5,1,1,7.8,10.7,50.6,7.3,149,1597,1746
43,2011-02-12,1,0,2,0,6,0,1,9.1,11.6,54.4,13.6,288,1184,1472
44,2011-02-13,1,0,2,0,0,0,1,13.0,16.2,45.7,17.5,397,1192,1589
45,2011-02-14,1,0,2,0,1,1,1,17.0,19.9,37.6,28.0,208,1705,1913
46,2011-02-15,1,0,2,0,2,1,1,10.9,12.7,31.4,19.5,140,1675,1815
47,2011-02-16,1,0,2,0,3,1,1,13.0,15.8,42.3,16.9,218,1897,2115
48,2011-02-17,1,0,2,0,4,1,1,17.9,21.4,50.5,15.4,259,2216,2475
49,2011-02-18,1,0,2,0,5,1,1,21.4,25.6,51.7,17.7,579,2348,2927
50,2011-02-19,1,0,2,0,6,0,1,16.4,19.6,18.8,34.0,532,1103,1635
51,2011-02-20,1,0,2,0,0,0,1,11.7,13.9,40.8,15.0,639,1173,1812
52,2011-02-21,1,0,2,1,1,0,2,12.4,14.2,60.5,20.6,195,912,1107
53,2011-02-22,1,0,2,0,2,1,1,7.5,9.3,57.8,13.1,74,1376,1450
54,2011-02-23,1,0,2,0,3,1,1,9.1,12.3,42.3,6.3,139,1778,1917
55,2011-02-24,1,0,2,0,4,1,2,12.1,14.5,69.7,16.8,100,1707,1807
56,2011-02-25,1,0,2,0,5,1,2,14.9,17.5,71.2,23.2,120,1341,1461
57,2011-02-26,1,0,2,0,6,0,1,11.6,14.1,53.8,12.5,424,1545,1969
58,2011-02-27,1,0,2,0,0,0,1,14.1,17.6,68.0,8.4,694,1708,2402
59,2011-02-28,1,0,2,0,1,1,2,16.7,20.0,87.6,19.4,81,1365,1446
60,2011-03-01,1,0,3,0,2,1,1,10.9,13.2,53.5,14.5,137,1714,1851
61,2011-03-02,1,0,3,0,3,1,1,13.7,16.0,45.0,20.6,231,1903,2134
62,2011-03-03,1,0,3,0,4,1,1,8.1,10.0,31.8,15.1,123,1562,1685
63,2011-03-04,1,0,3,0,5,1,2,10.7,12.8,61.0,13.6,214,1730,1944
64,2011-03-05,1,0,3,0,6,0,2,15.8,18.9,78.9,16.9,640,1437,2077
65,2011-03-06,1,0,3,0,0,0,2,15.4,18.3,94.8,23.0,114,491,605
66,2011-03-07,1,0,3,0,1,1,1,10.7,11.9,55.1,22.9,244,1628,1872
67,2011-03-08,1,0,3,0,2,1,1,12.0,15.1,42.1,8.1,316,1817,2133
68,2011-03-09,1,0,3,0,3,1,2,12.1,14.3,77.5,14.8,191,1700,1891
69,2011-03-10,1,0,3,0,4,1,3,16.0,19.3,0.0,17.5,46,577,623
70,2011-03-11,1,0,3,0,5,1,2,13.0,15.2,65.0,15.6,247,1730,1977
71,2011-03-12,1,0,3,0,6,0,1,13.5,16.3,59.5,14.8,724,1408,2132
72,2011-03-13,1,0,3,0,0,0,1,15.8,19.0,52.7,18.1,982,1435,2417
73,2011-03-14,1,0,3,0,1,1,1,13.3,16.6,49.7,9.2,359,1687,2046
74,2011-03-15,1,0,3,0,2,1,2,13.0,15.9,65.6,12.3,289,1767,2056
75,2011-03-16,1,0,3,0,3,1,2,15.0,18.3,77.7,13.6,321,1871,2192
76,2011-03-17,1,0,3,0,4,1,1,17.0,20.5,60.3,14.0,424,2320,2744
77,2011-03-18,1,0,3,0,5,1,1,22.1,26.4,52.5,15.5,884,2355,3239
78,2011-03-19,1,0,3,0,6,0,1,19.4,23.3,37.9,24.7,1424,1693,3117
79,2011-03-20,1,0,3,0,0,0,1,13.6,16.3,47.4,13.9,1047,1424,2471
80,2011-03-21,2,0,3,0,1,1,2,17.6,20.5,73.7,19.3,401,1676,2077
81,2011-03-22,2,0,3,0,2,1,1,18.1,22.0,62.5,15.1,460,2243,2703
82,2011-03-23,2,0,3,0,3,1,2,14.2,16.9,84.0,15.7,203,1918,2121
83,2011-03-24,2,0,3,0,4,1,2,11.7,13.5,80.6,16.3,166,1699,1865
84,2011-03-25,2,0,3,0,5,1,1,10.8,12.8,49.5,15.5,300,1910,2210
85,2011-03-26,2,0,3,0,6,0,1,10.9,12.9,39.4,14.0,981,1515,2496
86,2011-03-27,2,0,3,0,0,0,2,10.4,12.5,49.4,12.3,472,1221,1693
87,2011-03-28,2,0,3,0,1,1,1,10.8,12.9,30.2,14.2,222,1806,2028
88,2011-03-29,2,0,3,0,2,1,1,12.4,14.6,31.4,15.2,317,2108,2425
89,2011-03-30,2,0,3,0,3,1,2,12.3,14.9,64.7,11.6,168,1368,1536
90,2011-03-31,2,0,3,0,4,1,3,11.0,12.9,91.8,14.6,179,1506,1685
91,2011-04-01,2,0,4,0,5,1,2,12.3,14.2,68.6,17.3,307,1920,2227
92,2011-04-02,2,0,4,0,6,0,2,12.9,15.8,65.4,13.2,898,1354,2252
93,2011-04-03,2,0,4,0,0,0,1,15.5,18.9,48.0,12.2,1651,1598,3249
94,2011-04-04,2,0,4,0,1,1,1,23.5,27.1,42.6,25.8,734,2381,3115
95,2011-04-05,2,0,4,0,2,1,2,17.0,19.9,64.2,26.0,167,1628,1795
96,2011-04-06,2,0,4,0,3,1,1,16.0,19.4,47.1,17.6,413,2395,2808
97,2011-04-07,2,0,4,0,4,1,1,17.9,21.7,60.3,10.9,571,2570,3141
98,2011-04-08,2,0,4,0,5,1,2,13.8,16.2,83.6,15.2,172,1299,1471
99,2011-04-09,2,0,4,0,6,0,2,14.0,17.1,87.8,8.9,879,1576,2455
100,2011-04-10,2,0,4,0,0,0,2,17.5,21.3,85.8,9.8,1188,1707,2895
101,2011-04-11,2,0,4,0,1,1,2,24.4,28.3,71.7,21.7,855,2493,3348
102,2011-04-12,2,0,4,0,2,1,2,20.6,24.7,73.9,18.4,257,1777,2034
103,2011-04-13,2,0,4,0,3,1,2,16.9,20.9,81.9,16.8,209,1953,2162
104,2011-04-14,2,0,4,0,4,1,1,19.2,23.1,54.0,7.4,529,2738,3267
105,2011-04-15,2,0,4,1,5,0,1,18.3,22.1,67.1,15.2,642,2484,3126
106,2011-04-16,2,0,4,0,6,0,3,17.7,21.3,88.8,22.8,121,674,795
107,2011-04-17,2,0,4,0,0,0,1,18.7,22.3,48.0,20.3,1558,2186,3744
108,2011-04-18,2,0,4,0,1,1,1,21.0,25.2,54.2,11.0,669,2760,3429
109,2011-04-19,2,0,4,0,2,1,2,20.7,24.5,66.6,10.6,409,2795,3204
110,2011-04-20,2,0,4,0,3,1,1,24.4,28.2,61.4,16.2,613,3331,3944
111,2011-04-21,2,0,4,0,4,1,1,18.8,22.7,40.7,21.8,745,3444,4189
112,2011-04-22,2,0,4,0,5,1,2,13.8,16.1,73.0,14.7,177,1506,1683
113,2011-04-23,2,0,4,0,6,0,2,18.9,22.5,88.8,15.5,1462,2574,4036
114,2011-04-24,2,0,4,0,0,0,2,23.8,27.6,81.1,12.9,1710,2481,4191
115,2011-04-25,2,0,4,0,1,1,1,24.9,28.7,77.7,12.4,773,3300,4073
116,2011-04-26,2,0,4,0,2,1,1,25.9,29.7,72.9,21.9,678,3722,4400
117,2011-04-27,2,0,4,0,3,1,2,25.4,28.8,83.5,20.9,547,3325,3872
118,2011-04-28,2,0,4,0,4,1,2,25.3,28.9,70.1,21.5,569,3489,4058
119,2011-04-29,2,0,4,0,5,1,1,20.9,24.9,45.7,16.1,878,3717,4595
120,2011-04-30,2,0,4,0,6,0,1,19.4,23.2,50.3,15.8,1965,3347,5312
121,2011-05-01,2,0,5,0,0,0,2,18.5,22.4,76.2,7.1,1138,2213,3351
122,2011-05-02,2,0,5,0,1,1,2,22.5,26.6,73.0,12.3,847,3554,4401
123,2011-05-03,2,0,5,0,2,1,2,25.3,29.1,69.7,23.0,603,3848,4451
124,2011-05-04,2,0,5,0,3,1,2,17.0,20.2,73.7,22.0,255,2378,2633
125,2011-05-05,2,0,5,0,4,1,1,18.8,22.1,44.4,19.8,614,3819,4433
126,2011-05-06,2,0,5,0,5,1,1,19.6,23.7,59.0,15.3,894,3714,4608
127,2011-05-07,2,0,5,0,6,0,1,21.3,25.6,54.1,10.8,1612,3102,4714
128,2011-05-08,2,0,5,0,0,0,1,21.7,25.9,63.2,5.0,1401,2932,4333
129,2011-05-09,2,0,5,0,1,1,1,21.8,26.3,58.9,11.8,664,3698,4362
130,2011-05-10,2,0,5,0,2,1,1,21.8,26.1,48.9,7.7,694,4109,4803
131,2011-05-11,2,0,5,0,3,1,1,22.2,26.4,63.3,8.1,550,3632,4182
132,2011-05-12,2,0,5,0,4,1,1,21.9,26.2,74.8,12.7,695,4169,4864
133,2011-05-13,2,0,5,0,5,1,2,21.0,24.7,86.3,12.0,692,3413,4105
134,2011-05-14,2,0,5,0,6,0,2,21.4,25.0,92.2,9.0,902,2507,3409
135,2011-05-15,2,0,5,0,0,0,2,23.1,26.8,86.7,10.2,1582,2971,4553
136,2011-05-16,2,0,5,0,1,1,1,23.7,27.5,78.8,8.5,773,3185,3958
137,2011-05-17,2,0,5,0,2,1,2,23.0,26.9,83.8,18.6,678,3445,4123
138,2011-05-18,2,0,5,0,3,1,2,22.6,26.4,87.0,13.5,536,3319,3855
139,2011-05-19,2,0,5,0,4,1,2,21.8,25.5,83.0,7.3,735,3840,4575
140,2011-05-20,2,0,5,0,5,1,1,22.0,26.5,72.0,8.4,909,4008,4917
141,2011-05-21,2,0,5,0,6,0,1,24.7,28.6,62.7,8.1,2258,3547,5805
142,2011-05-22,2,0,5,0,0,0,1,24.8,28.7,75.0,9.9,1576,3084,4660
143,2011-05-23,2,0,5,0,1,1,2,25.9,29.5,81.0,15.7,836,3438,4274
144,2011-05-24,2,0,5,0,2,1,2,27.1,30.2,74.1,13.9,659,3833,4492
145,2011-05-25,2,0,5,0,3,1,1,27.1,30.8,69.6,10.3,740,4238,4978
146,2011-05-26,2,0,5,0,4,1,1,29.0,32.7,67.8,13.4,758,3919,4677
147,2011-05-27,2,0,5,0,5,1,1,27.9,31.9,65.4,16.1,871,3808,4679
148,2011-05-28,2,0,5,0,6,0,1,26.9,30.6,73.0,15.4,2001,2757,4758
149,2011-05-29,2,0,5,0,0,0,1,27.4,30.8,81.9,14.3,2355,2433,4788
150,2011-05-30,2,0,5,1,1,0,1,30.1,33.6,68.5,8.8,1549,2549,4098
151,2011-05-31,2,0,5,0,2,1,1,31.8,36.3,63.7,7.5,673,3309,3982
152,2011-06-01,2,0,6,0,3,1,2,31.3,36.0,67.7,13.9,513,3461,3974
153,2011-06-02,2,0,6,0,4,1,1,29.3,32.2,30.5,19.6,736,4232,4968
154,2011-06-03,2,0,6,0,5,1,1,25.4,29.4,35.4,17.0,898,4414,5312
155,2011-06-04,2,0,6,0,6,0,1,26.0,29.7,45.6,8.3,1869,3473,5342
156,2011-06-05,2,0,6,0,0,0,2,26.6,30.8,65.2,9.3,1685,3221,4906
157,2011-06-06,2,0,6,0,1,1,1,27.8,31.1,60.0,8.2,673,3875,4548
158,2011-06-07,2,0,6,0,2,1,1,29.0,32.8,59.8,12.6,763,4070,4833
159,2011-06-08,2,0,6,0,3,1,1,31.8,36.4,62.2,9.2,676,3725,4401
160,2011-06-09,2,0,6,0,4,1,2,33.1,37.9,56.8,10.0,563,3352,3915
161,2011-06-10,2,0,6,0,5,1,1,31.0,35.2,60.5,9.4,815,3771,4586
162,2011-06-11,2,0,6,0,6,0,1,29.7,33.9,65.5,10.4,1729,3237,4966
163,2011-06-12,2,0,6,0,0,0,1,28.4,32.2,74.8,11.0,1467,2993,4460
164,2011-06-13,2,0,6,0,1,1,1,26.0,30.1,49.5,20.5,863,4157,5020
165,2011-06-14,2,0,6,0,2,1,1,24.8,29.6,50.7,18.0,727,4164,4891
166,2011-06-15,2,0,6,0,3,1,1,25.7,29.4,47.2,11.3,769,4411,5180
167,2011-06-16,2,0,6,0,4,1,2,25.8,29.8,68.8,13.8,545,3222,3767
168,2011-06-17,2,0,6,0,5,1,1,26.6,30.0,73.6,9.6,863,3981,4844
169,2011-06-18,2,0,6,0,6,0,1,28.6,32.2,67.0,8.0,1807,3312,5119
170,2011-06-19,2,0,6,0,0,0,2,28.7,32.3,66.7,6.8,1639,3105,4744
171,2011-06-20,2,0,6,0,1,1,2,26.0,29.8,74.6,10.4,699,3311,4010
172,2011-06-21,3,0,6,0,2,1,2,27.9,31.9,77.0,11.5,774,4061,4835
173,2011-06-22,3,0,6,0,3,1,1,30.1,34.7,70.8,11.5,661,3846,4507
174,2011-06-23,3,0,6,0,4,1,2,29.9,34.7,70.3,16.0,746,4044,4790
175,2011-06-24,3,0,6,0,5,1,1,29.7,32.8,57.3,14.9,969,4022,4991
176,2011-06-25,3,0,6,0,6,0,1,28.5,32.2,48.3,14.0,1782,3420,5202
177,2011-06-26,3,0,6,0,0,0,1,27.9,31.9,51.3,6.3,1920,3385,5305
178,2011-06-27,3,0,6,0,1,1,2,28.0,31.9,65.8,7.2,854,3854,4708
179,2011-06-28,3,0,6,0,2,1,1,30.5,34.6,63.4,9.7,732,3916,4648
180,2011-06-29,3,0,6,0,3,1,1,29.9,32.7,49.8,17.5,848,4377,5225
181,2011-06-30,3,0,6,0,4,1,1,28.6,31.9,43.4,12.4,1027,4488,5515
182,2011-07-01,3,0,7,0,5,1,1,29.6,32.6,39.6,6.9,1246,4116,5362
183,2011-07-02,3,0,7,0,6,0,1,30.3,33.4,44.5,7.7,2204,2915,5119
184,2011-07-03,3,0,7,0,0,0,2,29.4,33.4,68.2,15.3,2282,2367,4649
185,2011-07-04,3,0,7,1,1,0,2,29.8,33.3,63.8,5.5,3065,2978,6043
186,2011-07-05,3,0,7,0,2,1,1,30.6,34.8,59.0,8.5,1031,3634,4665
187,2011-07-06,3,0,7,0,3,1,1,29.5,34.3,74.3,10.0,784,3845,4629
188,2011-07-07,3,0,7,0,4,1,1,30.8,34.3,65.1,10.7,754,3838,4592
189,2011-07-08,3,0,7,0,5,1,2,29.1,33.5,75.8,15.1,692,3348,4040
190,2011-07-09,3,0,7,0,6,0,1,30.1,33.2,60.9,11.3,1988,3348,5336
191,2011-07-10,3,0,7,0,0,0,1,30.6,34.5,57.8,12.3,1743,3138,4881
192,2011-07-11,3,0,7,0,1,1,1,31.3,36.5,63.6,18.9,723,3363,4086
193,2011-07-12,3,0,7,0,2,1,1,32.6,37.0,55.9,13.4,662,3596,4258
194,2011-07-13,3,0,7,0,3,1,1,30.6,34.5,63.2,9.8,748,3594,4342
195,2011-07-14,3,0,7,0,4,1,1,27.9,31.8,47.6,16.1,888,4196,5084
196,2011-07-15,3,0,7,0,5,1,1,27.2,31.2,59.1,12.2,1318,4220,5538
197,2011-07-16,3,0,7,0,6,0,1,28.2,31.9,58.5,14.0,2418,3505,5923
198,2011-07-17,3,0,7,0,0,0,1,29.5,33.5,60.4,16.4,2006,3296,5302
199,2011-07-18,3,0,7,0,1,1,1,30.6,35.2,65.1,14.5,841,3617,4458
200,2011-07-19,3,0,7,0,2,1,1,31.8,37.4,65.0,8.8,752,3789,4541
201,2011-07-20,3,0,7,0,3,1,1,31.5,37.3,70.7,7.6,644,3688,4332
202,2011-07-21,3,0,7,0,4,1,2,33.4,41.3,69.1,14.9,632,3152,3784
203,2011-07-22,3,0,7,0,5,1,1,34.8,42.0,58.0,8.9,562,2825,3387
204,2011-07-23,3,0,7,0,6,0,1,34.8,40.2,50.0,8.8,987,2298,3285
205,2011-07-24,3,0,7,0,0,0,1,34.0,39.7,55.1,11.3,1050,2556,3606
206,2011-07-25,3,0,7,0,1,1,1,30.5,36.0,75.7,6.1,568,3272,3840
207,2011-07-26,3,0,7,0,2,1,1,31.6,34.8,54.1,13.4,750,3840,4590
208,2011-07-27,3,0,7,0,3,1,1,31.8,34.5,40.3,12.3,755,3901,4656
209,2011-07-28,3,0,7,0,4,1,1,31.9,37.0,58.3,12.0,606,3784,4390
210,2011-07-29,3,0,7,0,5,1,1,34.4,39.3,54.2,11.7,670,3176,3846
211,2011-07-30,3,0,7,0,6,0,1,33.0,36.4,46.6,11.3,1559,2916,4475
212,2011-07-31,3,0,7,0,0,0,1,33.0,36.5,48.1,11.0,1524,2778,4302
213,2011-08-01,3,0,8,0,1,1,1,31.6,35.2,55.1,10.5,729,3537,4266
214,2011-08-02,3,0,8,0,2,1,1,32.1,35.4,49.1,13.8,801,4044,4845
215,2011-08-03,3,0,8,0,3,1,2,30.0,34.0,65.8,9.1,467,3107,3574
216,2011-08-04,3,0,8,0,4,1,2,29.1,33.2,75.8,13.2,799,3777,4576
217,2011-08-05,3,0,8,0,5,1,1,29.1,32.8,63.1,12.4,1023,3843,4866
218,2011-08-06,3,0,8,0,6,0,2,29.4,33.8,75.5,15.3,1521,2773,4294
219,2011-08-07,3,0,8,0,0,0,1,30.4,35.8,75.3,13.5,1298,2487,3785
220,2011-08-08,3,0,8,0,1,1,1,31.4,35.2,59.2,12.9,846,3480,4326
221,2011-08-09,3,0,8,0,2,1,1,31.8,36.2,57.0,10.1,907,3695,4602
222,2011-08-10,3,0,8,0,3,1,1,31.4,34.2,42.4,13.4,884,3896,4780
223,2011-08-11,3,0,8,0,4,1,1,29.4,32.6,42.4,11.0,812,3980,4792
224,2011-08-12,3,0,8,0,5,1,1,29.0,32.7,41.5,8.4,1051,3854,4905
225,2011-08-13,3,0,8,0,6,0,2,28.1,32.3,73.0,14.2,1504,2646,4150
226,2011-08-14,3,0,8,0,0,0,2,27.7,31.2,81.8,14.9,1338,2482,3820
227,2011-08-15,3,0,8,0,1,1,1,27.3,30.8,71.2,14.0,775,3563,4338
228,2011-08-16,3,0,8,0,2,1,1,28.7,32.3,57.8,15.8,721,4004,4725
229,2011-08-17,3,0,8,0,3,1,1,29.7,33.3,57.5,9.6,668,4026,4694
230,2011-08-18,3,0,8,0,4,1,1,29.2,33.1,65.5,15.6,639,3166,3805
231,2011-08-19,3,0,8,0,5,1,2,28.1,31.7,72.3,9.3,797,3356,4153
232,2011-08-20,3,0,8,0,6,0,1,28.6,32.4,67.4,7.0,1914,3277,5191
233,2011-08-21,3,0,8,0,0,0,1,29.1,33.8,77.0,16.7,1249,2624,3873
234,2011-08-22,3,0,8,0,1,1,1,28.4,31.9,47.0,18.5,833,3925,4758
235,2011-08-23,3,0,8,0,2,1,1,26.3,30.3,45.5,9.8,1281,4614,5895
236,2011-08-24,3,0,8,0,3,1,1,27.6,31.5,60.5,17.0,949,4181,5130
237,2011-08-25,3,0,8,0,4,1,2,28.1,32.3,77.2,14.1,435,3107,3542
238,2011-08-26,3,0,8,0,5,1,1,28.7,33.0,76.1,5.6,768,3893,4661
239,2011-08-27,3,0,8,0,6,0,2,27.9,31.8,85.0,25.2,226,889,1115
240,2011-08-28,3,0,8,0,0,0,1,29.0,32.4,56.2,20.4,1415,2919,4334
241,2011-08-29,3,0,8,0,1,1,1,26.1,30.4,55.5,10.7,729,3905,4634
242,2011-08-30,3,0,8,0,2,1,1,26.2,29.7,54.8,8.4,775,4429,5204
243,2011-08-31,3,0,8,0,3,1,1,26.9,30.6,59.8,5.6,688,4370,5058
244,2011-09-01,3,0,9,0,4,1,1,26.9,30.7,63.9,9.5,783,4332,5115
245,2011-09-02,3,0,9,0,5,1,2,26.4,30.2,72.7,9.4,875,3852,4727
246,2011-09-03,3,0,9,0,6,0,1,27.4,31.7,71.7,12.4,1935,2549,4484
247,2011-09-04,3,0,9,0,0,0,1,29.1,33.3,74.2,13.8,2521,2419,4940
248,2011-09-05,3,0,9,1,1,0,2,27.6,31.3,79.0,14.3,1236,2115,3351
249,2011-09-06,3,0,9,0,2,1,3,22.1,25.8,88.7,23.0,204,2506,2710
250,2011-09-07,3,0,9,0,3,1,3,24.6,27.2,91.7,6.5,118,1878,1996
251,2011-09-08,3,0,9,0,4,1,3,26.0,27.8,94.0,12.9,153,1689,1842
252,2011-09-09,3,0,9,0,5,1,2,26.7,28.9,89.8,8.3,417,3127,3544
253,2011-09-10,3,0,9,0,6,0,1,27.1,30.4,75.4,10.3,1750,3595,5345
254,2011-09-11,3,0,9,0,0,0,1,26.8,30.5,71.4,7.7,1633,3413,5046
255,2011-09-12,3,0,9,0,1,1,1,26.4,30.1,69.2,6.0,690,4023,4713
256,2011-09-13,3,0,9,0,2,1,1,26.7,30.2,71.2,9.5,701,4062,4763
257,2011-09-14,3,0,9,0,3,1,1,27.6,31.3,69.7,11.2,647,4138,4785
258,2011-09-15,3,0,9,0,4,1,2,23.7,27.7,70.9,18.2,428,3231,3659
259,2011-09-16,3,0,9,0,5,1,2,19.2,23.1,59.0,11.0,742,4018,4760
260,2011-09-17,3,0,9,0,6,0,2,20.2,23.9,71.8,12.7,1434,3077,4511
261,2011-09-18,3,0,9,0,0,0,1,20.8,24.5,69.5,12.0,1353,2921,4274
262,2011-09-19,3,0,9,0,1,1,2,22.5,26.5,69.0,10.2,691,3848,4539
263,2011-09-20,3,0,9,0,2,1,2,23.0,26.6,88.1,9.0,438,3203,3641
264,2011-09-21,3,0,9,0,3,1,2,24.4,27.5,90.0,6.5,539,3813,4352
265,2011-09-22,3,0,9,0,4,1,2,25.8,27.7,90.2,8.6,555,4240,4795
266,2011-09-23,4,0,9,0,5,1,2,25.0,26.1,97.2,5.3,258,2137,2395
267,2011-09-24,4,0,9,0,6,0,2,24.9,28.2,86.2,5.3,1776,3647,5423
268,2011-09-25,4,0,9,0,0,0,2,26.0,28.6,84.5,3.4,1544,3466,5010
269,2011-09-26,4,0,9,0,1,1,2,26.6,29.5,84.8,7.4,684,3946,4630
270,2011-09-27,4,0,9,0,2,1,2,26.1,28.7,88.5,7.9,477,3643,4120
271,2011-09-28,4,0,9,0,3,1,2,26.0,28.8,84.9,10.0,480,3427,3907
272,2011-09-29,4,0,9,0,4,1,1,25.3,28.7,69.9,11.6,653,4186,4839
273,2011-09-30,4,0,9,0,5,1,1,23.1,27.2,64.8,13.8,830,4372,5202
274,2011-10-01,4,0,10,0,6,0,2,16.8,20.6,75.4,19.6,480,1949,2429
275,2011-10-02,4,0,10,0,0,0,2,14.6,17.3,79.2,14.9,616,2302,2918
276,2011-10-03,4,0,10,0,1,1,2,15.8,19.6,76.1,5.6,330,3240,3570
277,2011-10-04,4,0,10,0,2,1,1,19.9,23.6,71.0,13.8,486,3970,4456
278,2011-10-05,4,0,10,0,3,1,1,22.1,26.4,64.8,11.9,559,4267,4826
279,2011-10-06,4,0,10,0,4,1,1,20.3,24.0,62.1,9.0,639,4126,4765
280,2011-10-07,4,0,10,0,5,1,1,20.9,25.2,68.4,1.5,949,4036,4985
281,2011-10-08,4,0,10,0,6,0,1,21.4,25.7,70.1,3.0,2235,3174,5409
282,2011-10-09,4,0,10,0,0,0,1,22.2,26.2,72.8,4.3,2397,3114,5511
283,2011-10-10,4,0,10,1,1,0,1,23.4,27.1,73.4,2.8,1514,3603,5117
284,2011-10-11,4,0,10,0,2,1,2,23.2,27.3,80.9,9.6,667,3896,4563
285,2011-10-12,4,0,10,0,3,1,3,22.3,25.9,90.6,16.6,217,2199,2416
286,2011-10-13,4,0,10,0,4,1,2,24.2,27.6,89.7,9.5,290,2623,2913
287,2011-10-14,4,0,10,0,5,1,2,22.6,26.5,71.6,15.0,529,3115,3644
288,2011-10-15,4,0,10,0,6,0,1,20.8,24.9,48.3,17.3,1899,3318,5217
289,2011-10-16,4,0,10,0,0,0,1,21.0,25.2,48.7,18.9,1748,3293,5041
290,2011-10-17,4,0,10,0,1,1,1,21.9,25.5,58.0,11.8,713,3857,4570
291,2011-10-18,4,0,10,0,2,1,2,21.8,26.1,70.2,7.4,637,4111,4748
292,2011-10-19,4,0,10,0,3,1,3,22.2,25.7,89.5,16.3,254,2170,2424
293,2011-10-20,4,0,10,0,4,1,1,19.5,23.3,63.6,28.3,471,3724,4195
294,2011-10-21,4,0,10,0,5,1,1,17.5,21.2,57.4,14.8,676,3628,4304
295,2011-10-22,4,0,10,0,6,0,1,17.3,21.3,62.9,6.2,1499,2809,4308
296,2011-10-23,4,0,10,0,0,0,1,17.3,21.1,74.1,6.7,1619,2762,4381
297,2011-10-24,4,0,10,0,1,1,1,19.0,22.9,77.2,8.0,699,3488,4187
298,2011-10-25,4,0,10,0,2,1,1,19.3,23.2,62.3,11.2,695,3992,4687
299,2011-10-26,4,0,10,0,3,1,2,19.9,23.6,72.0,10.0,404,3490,3894
300,2011-10-27,4,0,10,0,4,1,2,19.3,22.9,81.3,13.3,240,2419,2659
301,2011-10-28,4,0,10,0,5,1,2,13.6,15.9,58.6,15.4,456,3291,3747
302,2011-10-29,4,0,10,0,6,0,3,10.4,11.4,88.2,23.5,57,570,627
303,2011-10-30,4,0,10,0,0,0,1,13.1,16.1,62.4,11.8,885,2446,3331
304,2011-10-31,4,0,10,0,1,1,1,13.9,17.8,70.3,7.1,362,3307,3669
305,2011-11-01,4,0,11,0,2,1,1,16.4,19.9,68.4,9.1,410,3658,4068
306,2011-11-02,4,0,11,0,3,1,1,15.5,19.5,71.9,5.5,370,3816,4186
307,2011-11-03,4,0,11,0,4,1,1,16.7,20.3,70.2,9.2,318,3656,3974
308,2011-11-04,4,0,11,0,5,1,2,16.5,20.2,62.3,18.2,470,3576,4046
309,2011-11-05,4,0,11,0,6,0,1,13.4,16.2,51.9,12.7,1156,2770,3926
310,2011-11-06,4,0,11,0,0,0,1,14.3,18.1,73.5,6.2,952,2697,3649
311,2011-11-07,4,0,11,0,1,1,1,16.2,20.0,75.9,3.8,373,3662,4035
312,2011-11-08,4,0,11,0,2,1,1,16.7,20.6,72.2,4.6,376,3829,4205
313,2011-11-09,4,0,11,0,3,1,1,16.4,20.5,75.8,4.2,305,3804,4109
314,2011-11-10,4,0,11,0,4,1,2,15.6,18.7,81.3,12.7,190,2743,2933
315,2011-11-11,4,0,11,1,5,0,1,13.3,15.3,44.6,21.1,440,2928,3368
316,2011-11-12,4,0,11,0,6,0,1,14.6,17.9,55.3,14.2,1275,2792,4067
317,2011-11-13,4,0,11,0,0,0,1,18.1,21.5,45.8,18.9,1004,2713,3717
318,2011-11-14,4,0,11,0,1,1,1,21.7,26.2,58.7,20.5,595,3891,4486
319,2011-11-15,4,0,11,0,2,1,2,21.7,25.4,68.9,13.4,449,3746,4195
320,2011-11-16,4,0,11,0,3,1,3,18.7,22.6,93.0,9.2,145,1672,1817
321,2011-11-17,4,0,11,0,4,1,2,14.0,16.2,57.6,20.5,139,2914,3053
322,2011-11-18,4,0,11,0,5,1,1,11.2,13.6,41.0,11.3,245,3147,3392
323,2011-11-19,4,0,11,0,6,0,1,13.5,16.2,50.2,15.0,943,2720,3663
324,2011-11-20,4,0,11,0,0,0,2,19.0,22.9,68.5,12.5,787,2733,3520
325,2011-11-21,4,0,11,0,1,1,3,18.3,22.3,91.0,9.2,220,2545,2765
326,2011-11-22,4,0,11,0,2,1,3,17.1,21.1,96.2,8.0,69,1538,1607
327,2011-11-23,4,0,11,0,3,1,2,18.1,21.5,75.8,22.5,112,2454,2566
328,2011-11-24,4,0,11,1,4,0,1,15.3,18.6,54.9,11.2,560,935,1495
329,2011-11-25,4,0,11,0,5,1,1,15.4,19.0,64.4,6.6,1095,1697,2792
330,2011-11-26,4,0,11,0,6,0,1,15.4,19.3,68.2,4.6,1249,1819,3068
331,2011-11-27,4,0,11,0,0,0,1,18.8,22.8,69.8,14.0,810,2261,3071
332,2011-11-28,4,0,11,0,1,1,1,20.6,24.5,74.3,9.5,253,3614,3867
333,2011-11-29,4,0,11,0,2,1,2,18.8,22.6,83.1,17.3,96,2818,2914
334,2011-11-30,4,0,11,0,3,1,1,13.3,15.6,61.3,18.2,188,3425,3613
335,2011-12-01,4,0,12,0,4,1,1,12.8,15.3,52.5,14.8,182,3545,3727
336,2011-12-02,4,0,12,0,5,1,1,12.9,16.6,62.6,6.8,268,3672,3940
337,2011-12-03,4,0,12,0,6,0,1,12.3,15.5,61.3,6.4,706,2908,3614
338,2011-12-04,4,0,12,0,0,0,1,13.6,17.5,77.6,5.6,634,2851,3485
339,2011-12-05,4,0,12,0,1,1,2,15.8,19.7,82.7,4.2,233,3578,3811
340,2011-12-06,4,0,12,0,2,1,3,19.0,22.8,95.0,15.6,126,2468,2594
341,2011-12-07,4,0,12,0,3,1,3,16.8,20.0,97.0,17.8,50,655,705
342,2011-12-08,4,0,12,0,4,1,1,10.9,12.8,58.0,16.1,150,3172,3322
343,2011-12-09,4,0,12,0,5,1,1,11.9,15.9,69.6,5.5,261,3359,3620
344,2011-12-10,4,0,12,0,6,0,1,11.3,13.3,50.7,15.6,502,2688,3190
345,2011-12-11,4,0,12,0,0,0,1,9.1,12.7,49.0,4.5,377,2366,2743
346,2011-12-12,4,0,12,0,1,1,1,9.8,13.5,67.1,4.3,143,3167,3310
347,2011-12-13,4,0,12,0,2,1,1,11.6,15.1,59.0,9.4,155,3368,3523
348,2011-12-14,4,0,12,0,3,1,2,13.0,16.9,66.4,4.1,178,3562,3740
349,2011-12-15,4,0,12,0,4,1,2,17.3,20.6,63.4,18.0,181,3528,3709
350,2011-12-16,4,0,12,0,5,1,2,15.4,18.0,50.0,17.5,178,3399,3577
351,2011-12-17,4,0,12,0,6,0,2,10.6,12.5,56.1,16.3,275,2464,2739
352,2011-12-18,4,0,12,0,0,0,1,9.8,12.3,58.6,11.4,220,2211,2431
353,2011-12-19,4,0,12,0,1,1,1,11.3,14.0,63.7,11.6,260,3143,3403
354,2011-12-20,4,0,12,0,2,1,2,15.8,19.8,59.5,4.1,216,3534,3750
355,2011-12-21,1,0,12,0,3,1,2,17.6,21.4,85.8,14.8,107,2553,2660
356,2011-12-22,1,0,12,0,4,1,2,17.4,21.3,75.8,3.2,227,2841,3068
357,2011-12-23,1,0,12,0,5,1,1,15.3,18.9,68.6,18.4,163,2046,2209
358,2011-12-24,1,0,12,0,6,0,1,12.4,15.0,54.2,12.8,155,856,1011
359,2011-12-25,1,0,12,0,0,0,1,11.3,14.0,68.1,10.4,303,451,754
360,2011-12-26,1,0,12,1,1,0,1,13.2,15.8,50.7,16.0,430,887,1317
361,2011-12-27,1,0,12,0,2,1,2,13.3,16.4,76.2,12.6,103,1059,1162
362,2011-12-28,1,0,12,0,3,1,1,12.3,14.0,50.4,19.7,255,2047,2302
363,2011-12-29,1,0,12,0,4,1,1,10.2,13.2,57.4,8.0,254,2169,2423
364,2011-12-30,1,0,12,0,5,1,1,12.8,15.9,63.7,9.0,491,2508,2999
365,2011-12-31,1,0,12,0,6,0,1,16.8,20.7,61.6,14.8,665,1820,2485
366,2012-01-01,1,1,1,0,0,0,1,15.2,18.8,69.2,12.9,686,1608,2294
367,2012-01-02,1,1,1,1,1,0,1,11.2,12.6,38.1,22.1,244,1707,1951
368,2012-01-03,1,1,1,0,2,1,1,6.1,6.3,44.1,24.5,89,2147,2236
369,2012-01-04,1,1,1,0,3,1,2,4.4,6.0,41.5,12.4,95,2273,2368
370,2012-01-05,1,1,1,0,4,1,1,10.9,13.9,52.4,8.7,140,3132,3272
371,2012-01-06,1,1,1,0,5,1,1,13.7,17.0,54.2,11.2,307,3791,4098
372,2012-01-07,1,1,1,0,6,0,1,16.1,19.5,53.2,11.7,1070,3451,4521
373,2012-01-08,1,1,1,0,0,0,1,13.8,17.0,46.5,12.8,599,2826,3425
374,2012-01-09,1,1,1,0,1,1,2,9.2,12.4,70.2,6.6,106,2270,2376
375,2012-01-10,1,1,1,0,2,1,1,12.7,15.9,64.7,12.6,173,3425,3598
376,2012-01-11,1,1,1,0,3,1,2,11.2,14.1,84.8,8.8,92,2085,2177
377,2012-01-12,1,1,1,0,4,1,2,15.7,19.1,80.3,12.1,269,3828,4097
378,2012-01-13,1,1,1,0,5,1,1,11.2,12.5,50.7,25.3,174,3040,3214
379,2012-01-14,1,1,1,0,6,0,1,7.4,9.2,45.8,12.5,333,2160,2493
380,2012-01-15,1,1,1,0,0,0,1,6.8,8.1,41.9,16.8,284,2027,2311
381,2012-01-16,1,1,1,1,1,0,1,7.8,9.5,52.2,15.5,217,2081,2298
382,2012-01-17,1,1,1,0,2,1,2,15.3,18.2,71.6,23.4,127,2808,2935
383,2012-01-18,1,1,1,0,3,1,1,12.4,13.8,44.3,27.8,109,3267,3376
384,2012-01-19,1,1,1,0,4,1,1,7.8,9.5,49.8,14.8,130,3162,3292
385,2012-01-20,1,1,1,0,5,1,2,8.9,11.0,45.0,13.6,115,3048,3163
386,2012-01-21,1,1,1,0,6,0,2,7.1,8.7,83.1,14.9,67,1234,1301
387,2012-01-22,1,1,1,0,0,0,2,6.7,8.1,79.6,13.4,196,1781,1977
388,2012-01-23,1,1,1,0,1,1,2,9.0,12.2,91.1,7.4,145,2287,2432
389,2012-01-24,1,1,1,0,2,1,1,14.0,17.5,83.6,8.3,439,3900,4339
390,2012-01-25,1,1,1,0,3,1,1,12.1,14.7,64.4,10.8,467,3803,4270
391,2012-01-26,1,1,1,0,4,1,2,14.0,17.8,77.0,4.9,244,3831,4075
392,2012-01-27,1,1,1,0,5,1,2,17.4,20.8,74.1,23.0,269,3187,3456
393,2012-01-28,1,1,1,0,6,0,1,12.9,16.3,54.3,14.1,775,3248,4023
394,2012-01-29,1,1,1,0,0,0,1,11.6,13.6,31.1,16.1,558,2685,3243
395,2012-01-30,1,1,1,0,1,1,1,11.0,13.1,40.1,14.5,126,3498,3624
396,2012-01-31,1,1,1,0,2,1,1,16.0,19.1,41.7,17.5,324,4185,4509
397,2012-02-01,1,1,2,0,3,1,1,19.2,23.3,50.8,12.7,304,4275,4579
398,2012-02-02,1,1,2,0,4,1,2,16.4,19.9,67.3,12.5,190,3571,3761
399,2012-02-03,1,1,2,0,5,1,1,12.8,15.5,52.7,12.0,310,3841,4151
400,2012-02-04,1,1,2,0,6,0,2,10.8,13.6,78.0,8.2,384,2448,2832
401,2012-02-05,1,1,2,0,0,0,2,10.9,13.2,68.8,11.8,318,2629,2947
402,2012-02-06,1,1,2,0,1,1,1,11.6,14.8,62.2,10.3,206,3578,3784
403,2012-02-07,1,1,2,0,2,1,1,14.5,18.1,49.6,9.9,199,4176,4375
404,2012-02-08,1,1,2,0,3,1,2,10.5,13.3,72.3,9.0,109,2693,2802
405,2012-02-09,1,1,2,0,4,1,1,10.9,13.1,56.2,13.0,163,3667,3830
406,2012-02-10,1,1,2,0,5,1,2,11.5,14.7,54.0,7.8,227,3604,3831
407,2012-02-11,1,1,2,0,6,0,3,9.2,10.5,73.1,19.4,192,1977,2169
408,2012-02-12,1,1,2,0,0,0,1,5.2,5.1,46.5,27.4,73,1456,1529
409,2012-02-13,1,1,2,0,1,1,1,9.1,11.4,41.1,11.2,94,3328,3422
410,2012-02-14,1,1,2,0,2,1,2,13.1,16.7,50.9,9.5,135,3787,3922
411,2012-02-15,1,1,2,0,3,1,1,14.3,17.6,53.1,12.2,141,4028,4169
412,2012-02-16,1,1,2,0,4,1,2,13.0,16.5,75.3,6.1,74,2931,3005
413,2012-02-17,1,1,2,0,5,1,1,14.1,17.6,63.5,13.8,349,3805,4154
414,2012-02-18,1,1,2,0,6,0,1,14.2,17.8,53.5,12.8,1435,2883,4318
415,2012-02-19,1,1,2,0,0,0,2,11.5,13.3,51.6,17.0,618,2071,2689
416,2012-02-20,1,1,2,1,1,0,1,11.5,13.7,50.8,15.3,502,2627,3129
417,2012-02-21,1,1,2,0,2,1,1,11.8,14.8,59.4,13.8,163,3614,3777
418,2012-02-22,1,1,2,0,3,1,1,16.2,19.6,56.8,15.7,394,4379,4773
419,2012-02-23,1,1,2,0,4,1,1,18.6,22.2,55.5,12.8,516,4546,5062
420,2012-02-24,1,1,2,0,5,1,2,16.7,20.5,73.8,15.9,246,3241,3487
421,2012-02-25,1,1,2,0,6,0,1,11.9,12.8,39.6,28.3,317,2415,2732
422,2012-02-26,1,1,2,0,0,0,1,11.4,13.4,41.0,13.8,515,2874,3389
423,2012-02-27,1,1,2,0,1,1,1,15.0,17.9,49.1,18.0,253,4069,4322
424,2012-02-28,1,1,2,0,2,1,1,14.7,17.7,39.6,13.0,229,4134,4363
425,2012-02-29,1,1,2,0,3,1,2,14.1,17.4,80.5,12.0,65,1769,1834
426,2012-03-01,1,1,3,0,4,1,1,19.9,23.8,61.5,15.2,325,4665,4990
427,2012-03-02,1,1,3,0,5,1,2,14.5,18.0,65.7,9.7,246,2948,3194
428,2012-03-03,1,1,3,0,6,0,2,17.0,20.7,62.1,10.8,956,3110,4066
429,2012-03-04,1,1,3,0,0,0,1,13.4,15.2,40.3,22.4,710,2713,3423
430,2012-03-05,1,1,3,0,1,1,1,10.0,12.1,50.6,15.3,203,3130,3333
431,2012-03-06,1,1,3,0,2,1,1,10.6,12.8,45.7,13.5,221,3735,3956
432,2012-03-07,1,1,3,0,3,1,1,16.6,19.3,51.3,23.2,432,4484,4916
433,2012-03-08,1,1,3,0,4,1,1,21.6,26.2,56.8,29.6,486,4896,5382
434,2012-03-09,1,1,3,0,5,1,2,16.8,19.9,40.7,27.8,447,4122,4569
435,2012-03-10,1,1,3,0,6,0,1,11.8,13.9,35.0,15.1,968,3150,4118
436,2012-03-11,1,1,3,0,0,0,1,14.8,18.0,47.7,14.9,1658,3253,4911
437,2012-03-12,1,1,3,0,1,1,1,19.1,23.0,48.9,13.9,838,4460,5298
438,2012-03-13,1,1,3,0,2,1,1,23.2,27.1,61.8,15.9,762,5085,5847
439,2012-03-14,1,1,3,0,3,1,1,23.5,27.4,50.7,7.7,997,5315,6312
440,2012-03-15,1,1,3,0,4,1,1,22.9,26.6,58.0,10.0,1005,5187,6192
441,2012-03-16,1,1,3,0,5,1,2,17.9,21.8,84.2,7.6,548,3830,4378
442,2012-03-17,1,1,3,0,6,0,2,21.1,25.3,75.6,7.4,3155,4681,7836
443,2012-03-18,1,1,3,0,0,0,2,19.4,23.2,81.0,8.5,2207,3685,5892
444,2012-03-19,1,1,3,0,1,1,1,22.3,26.6,72.9,10.9,982,5171,6153
445,2012-03-20,1,1,3,0,2,1,1,23.0,26.9,80.8,8.1,1051,5042,6093
446,2012-03-21,2,1,3,0,3,1,2,21.8,25.7,82.1,6.0,1122,5108,6230
447,2012-03-22,2,1,3,0,4,1,1,22.7,26.6,83.1,7.9,1334,5537,6871
448,2012-03-23,2,1,3,0,5,1,2,24.7,28.5,69.4,7.8,2469,5893,8362
449,2012-03-24,2,1,3,0,6,0,2,20.6,24.3,88.5,12.9,1033,2339,3372
450,2012-03-25,2,1,3,0,0,0,2,17.9,21.9,88.1,14.8,1532,3464,4996
451,2012-03-26,2,1,3,0,1,1,1,18.3,21.9,47.8,25.9,795,4763,5558
452,2012-03-27,2,1,3,0,2,1,1,13.3,15.8,29.0,12.5,531,4571,5102
453,2012-03-28,2,1,3,0,3,1,1,19.9,23.5,48.1,19.5,674,5024,5698
454,2012-03-29,2,1,3,0,4,1,1,20.3,24.1,43.9,21.4,834,5299,6133
455,2012-03-30,2,1,3,0,5,1,2,15.2,18.8,58.1,9.3,796,4663,5459
456,2012-03-31,2,1,3,0,6,0,2,17.4,21.1,73.8,16.8,2301,3934,6235
457,2012-04-01,2,1,4,0,0,0,2,17.5,20.9,67.6,11.5,2347,3694,6041
458,2012-04-02,2,1,4,0,1,1,1,17.8,21.4,50.4,20.9,1208,4728,5936
459,2012-04-03,2,1,4,0,2,1,1,19.1,23.1,39.7,6.7,1348,5424,6772
460,2012-04-04,2,1,4,0,3,1,1,22.2,26.7,47.0,12.1,1058,5378,6436
461,2012-04-05,2,1,4,0,4,1,1,17.8,21.6,37.4,14.7,1192,5265,6457
462,2012-04-06,2,1,4,0,5,1,1,16.5,19.5,37.7,20.1,1807,4653,6460
463,2012-04-07,2,1,4,0,6,0,1,17.9,21.3,25.4,18.4,3252,3605,6857
464,2012-04-08,2,1,4,0,0,0,1,20.5,24.6,27.6,15.6,2230,2939,5169
465,2012-04-09,2,1,4,0,1,1,1,20.1,23.8,31.8,24.0,905,4680,5585
466,2012-04-10,2,1,4,0,2,1,1,18.3,21.8,43.5,16.7,819,5099,5918
467,2012-04-11,2,1,4,0,3,1,1,14.3,16.9,47.0,19.8,482,4380,4862
468,2012-04-12,2,1,4,0,4,1,1,16.3,19.4,46.6,19.5,663,4746,5409
469,2012-04-13,2,1,4,0,5,1,1,18.1,21.6,40.8,10.4,1252,5146,6398
470,2012-04-14,2,1,4,0,6,0,1,20.3,24.4,50.3,12.8,2795,4665,7460
471,2012-04-15,2,1,4,0,0,0,1,24.9,28.7,50.8,15.1,2846,4286,7132
472,2012-04-16,2,1,4,1,1,0,1,27.2,30.7,56.2,19.1,1198,5172,6370
473,2012-04-17,2,1,4,0,2,1,1,24.9,29.9,39.0,18.3,989,5702,6691
474,2012-04-18,2,1,4,0,3,1,2,19.0,22.9,56.9,11.3,347,4020,4367
475,2012-04-19,2,1,4,0,4,1,1,20.4,24.7,61.3,4.4,846,5719,6565
476,2012-04-20,2,1,4,0,5,1,1,21.6,25.8,69.5,10.0,1340,5950,7290
477,2012-04-21,2,1,4,0,6,0,1,23.4,27.1,68.3,19.0,2541,4083,6624
478,2012-04-22,2,1,4,0,0,0,3,16.3,19.5,83.5,23.1,120,907,1027
479,2012-04-23,2,1,4,0,1,1,2,13.2,15.1,76.7,20.3,195,3019,3214
480,2012-04-24,2,1,4,0,2,1,1,16.9,20.3,45.4,16.7,518,5115,5633
481,2012-04-25,2,1,4,0,3,1,1,19.5,23.5,42.8,8.0,655,5541,6196
482,2012-04-26,2,1,4,0,4,1,2,20.4,24.2,75.7,11.8,475,4551,5026
483,2012-04-27,2,1,4,0,5,1,1,18.8,22.6,40.1,23.3,1014,5219,6233
484,2012-04-28,2,1,4,0,6,0,2,15.4,18.9,49.0,8.7,1120,3100,4220
485,2012-04-29,2,1,4,0,0,0,1,18.8,22.5,58.7,7.8,2229,4075,6304
486,2012-04-30,2,1,4,0,1,1,2,19.0,22.9,57.0,11.5,665,4907,5572
487,2012-05-01,2,1,5,0,2,1,2,25.1,28.9,66.0,10.5,653,5087,5740
488,2012-05-02,2,1,5,0,3,1,1,23.1,26.9,79.7,9.2,667,5502,6169
489,2012-05-03,2,1,5,0,4,1,2,23.0,26.9,76.8,9.0,764,5657,6421
490,2012-05-04,2,1,5,0,5,1,1,25.7,29.5,73.5,10.9,1069,5227,6296
491,2012-05-05,2,1,5,0,6,0,2,25.5,29.2,75.7,10.3,2496,4387,6883
492,2012-05-06,2,1,5,0,0,0,2,23.1,27.3,74.0,10.0,2135,4224,6359
493,2012-05-07,2,1,5,0,1,1,2,22.0,26.4,66.4,15.5,1008,5265,6273
494,2012-05-08,2,1,5,0,2,1,2,23.8,27.9,68.6,19.8,738,4990,5728
495,2012-05-09,2,1,5,0,3,1,2,23.6,27.7,74.4,14.5,620,4097,4717
496,2012-05-10,2,1,5,0,4,1,1,20.7,24.6,55.2,21.0,1026,5546,6572
497,2012-05-11,2,1,5,0,5,1,1,21.9,26.0,36.0,15.9,1319,5711,7030
498,2012-05-12,2,1,5,0,6,0,1,23.1,27.2,48.0,8.2,2622,4807,7429
499,2012-05-13,2,1,5,0,0,0,1,25.1,29.3,57.6,15.1,2172,3946,6118
500,2012-05-14,2,1,5,0,1,1,2,23.5,27.5,79.0,14.3,342,2501,2843
501,2012-05-15,2,1,5,0,2,1,2,25.1,28.8,79.5,9.9,625,4490,5115
502,2012-05-16,2,1,5,0,3,1,1,26.1,29.8,69.8,8.2,991,6433,7424
503,2012-05-17,2,1,5,0,4,1,1,24.3,28.6,52.0,15.4,1242,6142,7384
504,2012-05-18,2,1,5,0,5,1,1,23.1,27.6,52.3,9.2,1521,6118,7639
505,2012-05-19,2,1,5,0,6,0,1,24.6,28.3,45.6,5.6,3410,4884,8294
506,2012-05-20,2,1,5,0,0,0,1,25.5,29.2,53.0,17.0,2704,4425,7129
507,2012-05-21,2,1,5,0,1,1,2,24.5,28.3,81.1,15.6,630,3729,4359
508,2012-05-22,2,1,5,0,2,1,2,25.2,29.0,76.6,7.9,819,5254,6073
509,2012-05-23,2,1,5,0,3,1,2,25.5,29.2,77.5,6.8,766,4494,5260
510,2012-05-24,2,1,5,0,4,1,1,26.9,30.3,71.7,11.6,1059,5711,6770
511,2012-05-25,2,1,5,0,5,1,1,27.9,31.4,74.7,9.4,1417,5317,6734
512,2012-05-26,2,1,5,0,6,0,1,28.4,32.1,73.2,13.3,2855,3681,6536
513,2012-05-27,2,1,5,0,0,0,1,28.3,32.1,69.7,14.4,3283,3308,6591
514,2012-05-28,2,1,5,1,1,0,1,29.2,34.0,67.6,13.2,2557,3486,6043
515,2012-05-29,2,1,5,0,2,1,1,29.6,33.6,68.5,19.8,880,4863,5743
516,2012-05-30,2,1,5,0,3,1,2,26.9,30.6,67.0,9.0,745,6110,6855
517,2012-05-31,2,1,5,0,4,1,1,27.9,31.6,49.3,13.1,1100,6238,7338
518,2012-06-01,2,1,6,0,5,1,2,26.8,30.4,75.5,15.9,533,3594,4127
519,2012-06-02,2,1,6,0,6,0,1,23.9,28.3,54.9,12.5,2795,5325,8120
520,2012-06-03,2,1,6,0,0,0,1,24.7,28.8,49.3,12.3,2494,5147,7641
521,2012-06-04,2,1,6,0,1,1,1,24.5,28.9,48.7,19.1,1071,5927,6998
522,2012-06-05,2,1,6,0,2,1,2,22.2,26.3,61.3,14.0,968,6033,7001
523,2012-06-06,2,1,6,0,3,1,1,22.7,27.1,61.1,5.2,1027,6028,7055
524,2012-06-07,2,1,6,0,4,1,1,24.7,28.5,56.7,10.5,1038,6456,7494
525,2012-06-08,2,1,6,0,5,1,1,26.6,29.9,46.8,11.8,1488,6248,7736
526,2012-06-09,2,1,6,0,6,0,1,29.1,32.4,43.7,9.7,2708,4790,7498
527,2012-06-10,2,1,6,0,0,0,1,29.8,33.2,53.8,9.0,2224,4374,6598
528,2012-06-11,2,1,6,0,1,1,2,29.6,33.0,58.8,13.9,1017,5647,6664
529,2012-06-12,2,1,6,0,2,1,2,26.8,29.9,83.3,14.4,477,4495,4972
530,2012-06-13,2,1,6,0,3,1,1,26.9,30.6,58.2,23.0,1173,6248,7421
531,2012-06-14,2,1,6,0,4,1,1,26.6,31.2,57.0,17.0,1180,6183,7363
532,2012-06-15,2,1,6,0,5,1,1,26.2,30.0,59.0,11.8,1563,6102,7665
533,2012-06-16,2,1,6,0,6,0,1,25.9,29.7,50.4,11.2,2963,4739,7702
534,2012-06-17,2,1,6,0,0,0,1,24.3,28.6,59.9,9.7,2634,4344,6978
535,2012-06-18,2,1,6,0,1,1,2,23.3,27.2,77.8,11.7,653,4446,5099
536,2012-06-19,2,1,6,0,2,1,1,28.2,32.7,69.0,9.9,968,5857,6825
537,2012-06-20,2,1,6,0,3,1,1,32.1,36.0,59.2,7.6,872,5339,6211
538,2012-06-21,3,1,6,0,4,1,1,33.0,37.6,56.8,8.0,778,5127,5905
539,2012-06-22,3,1,6,0,5,1,1,31.9,36.2,57.4,12.3,964,4859,5823
540,2012-06-23,3,1,6,0,6,0,1,30.0,32.6,53.5,12.0,2657,4801,7458
541,2012-06-24,3,1,6,0,0,0,1,30.5,33.7,47.9,9.8,2551,4340,6891
542,2012-06-25,3,1,6,0,1,1,1,29.3,32.7,50.4,20.1,1139,5640,6779
543,2012-06-26,3,1,6,0,2,1,1,25.9,29.7,37.3,23.3,1077,6365,7442
544,2012-06-27,3,1,6,0,3,1,1,28.6,32.0,36.0,18.2,1077,6258,7335
545,2012-06-28,3,1,6,0,4,1,1,30.7,33.8,42.2,11.5,921,5958,6879
546,2012-06-29,3,1,6,0,5,1,1,34.2,39.3,48.9,11.1,829,4634,5463
547,2012-06-30,3,1,6,0,6,0,1,31.4,34.4,60.1,10.8,1455,4232,5687
548,2012-07-01,3,1,7,0,0,0,1,33.4,37.5,51.9,11.3,1421,4110,5531
549,2012-07-02,3,1,7,0,1,1,1,32.0,35.1,44.7,13.1,904,5323,6227
550,2012-07-03,3,1,7,0,2,1,1,32.0,35.1,49.2,8.5,1052,5608,6660
551,2012-07-04,3,1,7,1,3,0,1,32.4,36.6,53.9,9.0,2562,4841,7403
552,2012-07-05,3,1,7,0,4,1,1,33.9,38.1,45.8,13.0,1405,4836,6241
553,2012-07-06,3,1,7,0,5,1,1,34.0,37.6,45.1,9.8,1366,4841,6207
554,2012-07-07,3,1,7,0,6,0,1,35.3,40.2,49.2,11.0,1448,3392,4840
555,2012-07-08,3,1,7,0,0,0,1,33.7,39.5,57.4,8.4,1203,3469,4672
556,2012-07-09,3,1,7,0,1,1,2,29.1,32.7,68.3,12.1,998,5571,6569
557,2012-07-10,3,1,7,0,2,1,2,29.6,33.2,66.8,10.2,954,5336,6290
558,2012-07-11,3,1,7,0,3,1,1,29.4,32.5,63.3,10.2,975,6289,7264
559,2012-07-12,3,1,7,0,4,1,1,29.3,32.7,53.0,9.8,1032,6414,7446
560,2012-07-13,3,1,7,0,5,1,2,30.0,33.4,48.6,5.4,1511,5988,7499
561,2012-07-14,3,1,7,0,6,0,2,28.8,33.3,69.9,9.6,2355,4614,6969
562,2012-07-15,3,1,7,0,0,0,1,30.6,35.3,71.8,11.2,1920,4111,6031
563,2012-07-16,3,1,7,0,1,1,1,31.3,36.2,64.5,11.0,1088,5742,6830
564,2012-07-17,3,1,7,0,2,1,1,33.6,37.8,50.6,7.7,921,5865,6786
565,2012-07-18,3,1,7,0,3,1,1,32.5,37.3,57.7,9.2,799,4914,5713
566,2012-07-19,3,1,7,0,4,1,1,31.6,35.7,60.0,11.1,888,5703,6591
567,2012-07-20,3,1,7,0,5,1,2,27.3,30.7,84.4,14.0,747,5123,5870
568,2012-07-21,3,1,7,0,6,0,3,24.4,27.5,86.5,14.3,1264,3195,4459
569,2012-07-22,3,1,7,0,0,0,2,27.4,31.2,76.2,6.3,2544,4866,7410
570,2012-07-23,3,1,7,0,1,1,1,30.4,34.5,69.4,9.3,1135,5831,6966
571,2012-07-24,3,1,7,0,2,1,1,30.8,35.3,65.5,14.2,1140,6452,7592
572,2012-07-25,3,1,7,0,3,1,1,29.7,32.7,45.0,11.0,1383,6790,8173
573,2012-07-26,3,1,7,0,4,1,1,31.8,37.0,59.7,19.1,1036,5825,6861
574,2012-07-27,3,1,7,0,5,1,1,32.0,36.7,59.5,10.3,1259,5645,6904
575,2012-07-28,3,1,7,0,6,0,1,31.0,34.9,61.3,10.5,2234,4451,6685
576,2012-07-29,3,1,7,0,0,0,1,29.6,33.4,62.4,11.4,2153,4444,6597
577,2012-07-30,3,1,7,0,1,1,1,30.0,34.2,66.9,10.3,1040,6065,7105
578,2012-07-31,3,1,7,0,2,1,1,29.2,33.1,70.4,11.1,968,6248,7216
579,2012-08-01,3,1,8,0,3,1,1,29.4,33.4,67.8,9.5,1074,6506,7580
580,2012-08-02,3,1,8,0,4,1,1,30.9,35.4,66.0,8.7,983,6278,7261
581,2012-08-03,3,1,8,0,5,1,2,31.4,36.1,64.2,14.5,1328,5847,7175
582,2012-08-04,3,1,8,0,6,0,1,32.5,37.6,61.3,17.2,2345,4479,6824
583,2012-08-05,3,1,8,0,0,0,1,31.5,36.6,65.2,19.5,1707,3757,5464
584,2012-08-06,3,1,8,0,1,1,2,30.9,35.5,65.4,8.7,1233,5780,7013
585,2012-08-07,3,1,8,0,2,1,2,30.2,34.9,70.4,7.8,1278,5995,7273
586,2012-08-08,3,1,8,0,3,1,2,30.8,35.4,67.3,7.4,1263,6271,7534
587,2012-08-09,3,1,8,0,4,1,1,31.0,35.0,62.0,10.5,1196,6090,7286
588,2012-08-10,3,1,8,0,5,1,2,29.3,33.4,71.6,16.0,1065,4721,5786
589,2012-08-11,3,1,8,0,6,0,2,28.4,31.9,73.3,13.8,2247,4052,6299
590,2012-08-12,3,1,8,0,0,0,1,28.7,32.2,53.0,8.2,2182,4362,6544
591,2012-08-13,3,1,8,0,1,1,1,29.6,33.1,54.5,9.1,1207,5676,6883
592,2012-08-14,3,1,8,0,2,1,1,29.8,33.8,68.7,11.3,1128,5656,6784
593,2012-08-15,3,1,8,0,3,1,1,29.0,32.7,62.0,11.4,1198,6149,7347
594,2012-08-16,3,1,8,0,4,1,1,29.5,32.7,51.9,9.5,1338,6267,7605
595,2012-08-17,3,1,8,0,5,1,1,29.7,12.1,57.1,15.5,1483,5665,7148
596,2012-08-18,3,1,8,0,6,0,1,27.8,30.9,60.3,11.9,2827,5038,7865
597,2012-08-19,3,1,8,0,0,0,2,26.1,30.2,71.2,5.8,1208,3341,4549
598,2012-08-20,3,1,8,0,1,1,2,26.1,29.8,73.4,8.7,1026,5504,6530
599,2012-08-21,3,1,8,0,2,1,1,26.6,30.1,67.4,4.9,1081,5925,7006
600,2012-08-22,3,1,8,0,3,1,1,27.4,31.1,67.7,4.7,1094,6281,7375
601,2012-08-23,3,1,8,0,4,1,1,28.5,31.9,63.6,5.7,1363,6402,7765
602,2012-08-24,3,1,8,0,5,1,2,28.8,32.4,61.5,4.8,1325,6257,7582
603,2012-08-25,3,1,8,0,6,0,2,27.1,30.9,71.3,16.4,1829,4224,6053
604,2012-08-26,3,1,8,0,0,0,2,26.8,29.8,84.6,15.3,1483,3772,5255
605,2012-08-27,3,1,8,0,1,1,1,28.8,32.7,73.0,8.6,989,5928,6917
606,2012-08-28,3,1,8,0,2,1,1,29.9,33.3,62.0,12.8,935,6105,7040
607,2012-08-29,3,1,8,0,3,1,1,28.1,31.8,55.2,7.5,1177,6520,7697
608,2012-08-30,3,1,8,0,4,1,1,29.0,32.6,59.0,5.2,1172,6541,7713
609,2012-08-31,3,1,8,0,5,1,1,31.3,34.5,58.8,11.3,1433,5917,7350
610,2012-09-01,3,1,9,0,6,0,2,30.9,35.1,63.8,7.6,2352,3788,6140
611,2012-09-02,3,1,9,0,0,0,2,28.6,32.5,81.5,4.3,2613,3197,5810
612,2012-09-03,3,1,9,1,1,0,1,29.0,33.1,79.1,10.1,1965,4069,6034
613,2012-09-04,3,1,9,0,2,1,1,29.8,34.3,75.5,15.8,867,5997,6864
614,2012-09-05,3,1,9,0,3,1,1,30.2,35.4,74.1,12.6,832,6280,7112
615,2012-09-06,3,1,9,0,4,1,2,28.6,32.8,81.0,9.5,611,5592,6203
616,2012-09-07,3,1,9,0,5,1,1,28.8,32.9,73.6,11.5,1045,6459,7504
617,2012-09-08,3,1,9,0,6,0,2,27.0,30.6,79.9,18.8,1557,4419,5976
618,2012-09-09,3,1,9,0,0,0,1,25.0,28.9,54.8,15.0,2570,5657,8227
619,2012-09-10,3,1,9,0,1,1,1,23.9,28.3,50.4,17.3,1118,6407,7525
620,2012-09-11,3,1,9,0,2,1,1,23.7,27.7,52.0,6.2,1070,6697,7767
621,2012-09-12,3,1,9,0,3,1,1,24.6,28.5,57.7,8.8,1050,6820,7870
622,2012-09-13,3,1,9,0,4,1,1,25.1,29.0,63.7,5.5,1054,6750,7804
623,2012-09-14,3,1,9,0,5,1,1,26.0,29.7,67.2,7.0,1379,6630,8009
624,2012-09-15,3,1,9,0,6,0,1,24.9,29.3,50.2,16.6,3160,5554,8714
625,2012-09-16,3,1,9,0,0,0,1,23.8,28.2,57.0,6.0,2166,5167,7333
626,2012-09-17,3,1,9,0,1,1,2,23.8,27.7,73.5,10.2,1022,5847,6869
627,2012-09-18,3,1,9,0,2,1,2,25.6,28.3,87.2,24.0,371,3702,4073
628,2012-09-19,3,1,9,0,3,1,1,22.7,27.0,53.7,14.4,788,6803,7591
629,2012-09-20,3,1,9,0,4,1,1,22.4,26.6,61.8,7.9,939,6781,7720
630,2012-09-21,3,1,9,0,5,1,1,24.6,28.6,66.9,10.3,1250,6917,8167
631,2012-09-22,3,1,9,0,6,0,1,26.7,30.5,64.7,19.0,2512,5883,8395
632,2012-09-23,4,1,9,0,0,0,1,21.7,25.9,46.7,15.0,2454,5453,7907
633,2012-09-24,4,1,9,0,1,1,1,21.1,25.1,49.3,9.5,1001,6435,7436
634,2012-09-25,4,1,9,0,2,1,1,22.6,27.2,57.0,15.8,845,6693,7538
635,2012-09-26,4,1,9,0,3,1,1,26.0,29.8,63.1,16.4,787,6946,7733
636,2012-09-27,4,1,9,0,4,1,2,26.7,30.4,69.1,9.0,751,6642,7393
637,2012-09-28,4,1,9,0,5,1,2,25.4,29.3,69.0,11.0,1045,6370,7415
638,2012-09-29,4,1,9,0,6,0,1,22.2,26.5,54.3,15.2,2589,5966,8555
639,2012-09-30,4,1,9,0,0,0,1,21.6,25.9,58.3,9.0,2015,4874,6889
640,2012-10-01,4,1,10,0,1,1,2,21.4,25.6,64.9,6.1,763,6015,6778
641,2012-10-02,4,1,10,0,2,1,3,24.2,27.1,87.2,7.0,315,4324,4639
642,2012-10-03,4,1,10,0,3,1,2,27.0,30.0,79.4,4.5,728,6844,7572
643,2012-10-04,4,1,10,0,4,1,2,27.0,30.4,72.3,7.9,891,6437,7328
644,2012-10-05,4,1,10,0,5,1,1,25.2,29.0,62.7,7.1,1516,6640,8156
645,2012-10-06,4,1,10,0,6,0,1,22.7,26.9,66.4,18.0,3031,4934,7965
646,2012-10-07,4,1,10,0,0,0,2,17.0,21.0,70.8,9.5,781,2729,3510
647,2012-10-08,4,1,10,1,1,0,2,15.7,19.4,71.0,12.7,874,4604,5478
648,2012-10-09,4,1,10,0,2,1,2,18.3,21.9,76.2,12.8,601,5791,6392
649,2012-10-10,4,1,10,0,3,1,1,21.1,25.2,63.1,12.6,780,6911,7691
650,2012-10-11,4,1,10,0,4,1,1,17.8,21.6,46.3,12.2,834,6736,7570
651,2012-10-12,4,1,10,0,5,1,1,17.9,21.7,53.9,15.8,1060,6222,7282
652,2012-10-13,4,1,10,0,6,0,1,16.1,19.6,49.5,9.8,2252,4857,7109
653,2012-10-14,4,1,10,0,0,0,1,21.4,25.4,64.0,18.7,2080,4559,6639
654,2012-10-15,4,1,10,0,1,1,2,23.0,27.0,70.8,19.8,760,5115,5875
655,2012-10-16,4,1,10,0,2,1,1,19.2,23.0,55.8,12.2,922,6612,7534
656,2012-10-17,4,1,10,0,3,1,1,18.7,22.5,69.3,6.8,979,6482,7461
657,2012-10-18,4,1,10,0,4,1,2,21.4,25.6,72.8,15.9,1008,6501,7509
658,2012-10-19,4,1,10,0,5,1,2,23.1,26.9,81.5,9.0,753,4671,5424
659,2012-10-20,4,1,10,0,6,0,1,19.9,23.6,57.3,7.9,2806,5284,8090
660,2012-10-21,4,1,10,0,0,0,1,19.0,22.8,51.0,11.1,2132,4692,6824
661,2012-10-22,4,1,10,0,1,1,1,20.0,24.1,56.8,5.5,830,6228,7058
662,2012-10-23,4,1,10,0,2,1,1,22.3,26.5,64.2,6.3,841,6625,7466
663,2012-10-24,4,1,10,0,3,1,1,24.1,27.9,63.6,4.9,795,6898,7693
664,2012-10-25,4,1,10,0,4,1,2,22.6,26.5,80.0,8.3,875,6484,7359
665,2012-10-26,4,1,10,0,5,1,2,22.4,26.1,80.7,8.9,1182,6262,7444
666,2012-10-27,4,1,10,0,6,0,2,21.7,25.8,72.0,15.8,2643,5209,7852
667,2012-10-28,4,1,10,0,0,0,2,19.6,23.4,69.5,26.7,998,3461,4459
668,2012-10-29,4,1,10,0,1,1,3,18.0,22.0,88.0,24.0,2,20,22
669,2012-10-30,4,1,10,0,2,1,2,13.0,15.5,82.5,14.3,87,1009,1096
670,2012-10-31,4,1,10,0,3,1,2,14.7,18.1,66.7,11.2,419,5147,5566
671,2012-11-01,4,1,11,0,4,1,2,15.0,18.5,58.2,10.5,466,5520,5986
672,2012-11-02,4,1,11,0,5,1,1,14.6,17.8,52.2,17.8,618,5229,5847
673,2012-11-03,4,1,11,0,6,0,2,14.1,16.2,49.1,18.1,1029,4109,5138
674,2012-11-04,4,1,11,0,0,0,1,13.4,16.5,53.3,12.0,1201,3906,5107
675,2012-11-05,4,1,11,0,1,1,1,13.1,15.4,49.4,15.8,378,4881,5259
676,2012-11-06,4,1,11,0,2,1,1,11.5,14.1,56.7,11.6,466,5220,5686
677,2012-11-07,4,1,11,0,3,1,2,12.1,13.7,54.8,20.4,326,4709,5035
678,2012-11-08,4,1,11,0,4,1,1,14.4,17.1,33.3,23.3,340,4975,5315
679,2012-11-09,4,1,11,0,5,1,1,14.8,17.8,54.1,14.4,709,5283,5992
680,2012-11-10,4,1,11,0,6,0,1,16.0,19.7,64.5,3.9,2090,4446,6536
681,2012-11-11,4,1,11,0,0,0,1,17.3,21.1,65.9,8.5,2290,4562,6852
682,2012-11-12,4,1,11,1,1,0,1,19.9,23.8,74.2,11.6,1097,5172,6269
683,2012-11-13,4,1,11,0,2,1,2,14.1,16.2,66.3,22.9,327,3767,4094
684,2012-11-14,4,1,11,0,3,1,1,11.9,14.1,55.2,13.4,373,5122,5495
685,2012-11-15,4,1,11,0,4,1,2,13.2,16.2,62.0,10.3,320,5125,5445
686,2012-11-16,4,1,11,0,5,1,1,14.1,17.4,52.5,11.5,484,5214,5698
687,2012-11-17,4,1,11,0,6,0,1,13.3,16.3,54.5,12.0,1313,4316,5629
688,2012-11-18,4,1,11,0,0,0,1,14.0,16.9,69.3,15.3,922,3747,4669
689,2012-11-19,4,1,11,0,1,1,2,15.6,18.8,62.3,15.7,449,5050,5499
690,2012-11-20,4,1,11,0,2,1,2,15.3,19.0,68.5,5.5,534,5100,5634
691,2012-11-21,4,1,11,0,3,1,1,14.5,18.2,61.4,6.9,615,4531,5146
692,2012-11-22,4,1,11,1,4,0,1,13.9,17.5,58.0,3.5,955,1470,2425
693,2012-11-23,4,1,11,0,5,1,1,15.1,18.9,56.9,9.9,1603,2307,3910
694,2012-11-24,4,1,11,0,6,0,1,11.4,12.4,40.5,25.3,532,1745,2277
695,2012-11-25,4,1,11,0,0,0,1,10.1,12.9,46.8,10.1,309,2115,2424
696,2012-11-26,4,1,11,0,1,1,1,12.8,17.0,53.5,3.1,337,4750,5087
697,2012-11-27,4,1,11,0,2,1,2,12.0,14.1,78.7,15.9,123,3836,3959
698,2012-11-28,4,1,11,0,3,1,1,12.2,14.5,50.6,14.1,198,5062,5260
699,2012-11-29,4,1,11,0,4,1,1,11.5,14.9,55.6,7.7,243,5080,5323
700,2012-11-30,4,1,11,0,5,1,1,12.2,16.2,65.0,3.9,362,5306,5668
701,2012-12-01,4,1,12,0,6,0,2,12.2,15.8,80.7,4.0,951,4240,5191
702,2012-12-02,4,1,12,0,0,0,2,14.2,18.0,82.3,8.3,892,3757,4649
703,2012-12-03,4,1,12,0,1,1,1,18.6,22.8,76.8,5.5,555,5679,6234
704,2012-12-04,4,1,12,0,2,1,1,19.5,23.5,73.4,11.7,551,6055,6606
705,2012-12-05,4,1,12,0,3,1,1,18.0,21.4,48.5,21.7,331,5398,5729
706,2012-12-06,4,1,12,0,4,1,1,10.5,12.9,50.9,11.7,340,5035,5375
707,2012-12-07,4,1,12,0,5,1,2,13.2,16.1,76.4,8.8,349,4659,5008
708,2012-12-08,4,1,12,0,6,0,2,15.6,19.5,91.1,6.8,1153,4429,5582
709,2012-12-09,4,1,12,0,0,0,2,15.8,19.5,90.5,10.6,441,2787,3228
710,2012-12-10,4,1,12,0,1,1,2,17.9,21.8,92.5,12.8,329,4841,5170
711,2012-12-11,4,1,12,0,2,1,2,14.5,16.9,59.7,19.8,282,5219,5501
712,2012-12-12,4,1,12,0,3,1,2,12.2,14.9,53.8,10.9,310,5009,5319
713,2012-12-13,4,1,12,0,4,1,1,12.1,14.7,48.6,11.7,425,5107,5532
714,2012-12-14,4,1,12,0,5,1,1,11.5,14.7,64.3,8.8,429,5182,5611
715,2012-12-15,4,1,12,0,6,0,1,13.3,16.9,65.0,7.1,767,4280,5047
716,2012-12-16,4,1,12,0,0,0,2,14.9,18.5,83.9,6.7,538,3248,3786
717,2012-12-17,4,1,12,0,1,1,2,16.1,20.1,90.7,6.6,212,4373,4585
718,2012-12-18,4,1,12,0,2,1,1,16.8,20.5,66.6,14.8,433,5124,5557
719,2012-12-19,4,1,12,0,3,1,1,13.6,17.1,62.5,12.3,333,4934,5267
720,2012-12-20,4,1,12,0,4,1,2,13.5,16.8,66.8,8.9,314,3814,4128
721,2012-12-21,1,1,12,0,5,1,2,13.4,15.1,55.7,25.1,221,3402,3623
722,2012-12-22,1,1,12,0,6,0,1,10.9,11.8,44.1,27.3,205,1544,1749
723,2012-12-23,1,1,12,0,0,0,1,10.1,13.0,51.5,8.9,408,1379,1787
724,2012-12-24,1,1,12,0,1,1,2,9.5,12.9,79.1,5.2,174,746,920
725,2012-12-25,1,1,12,1,2,0,2,11.9,14.7,73.5,11.3,440,573,1013
726,2012-12-26,1,1,12,0,3,1,3,10.0,11.0,82.3,21.2,9,432,441
727,2012-12-27,1,1,12,0,4,1,2,10.4,11.3,65.3,23.5,247,1867,2114
728,2012-12-28,1,1,12,0,5,1,2,10.4,12.8,59.0,10.4,644,2451,3095
729,2012-12-29,1,1,12,0,6,0,2,10.4,12.1,75.3,8.3,159,1182,1341
730,2012-12-30,1,1,12,0,0,0,1,10.5,11.6,48.3,23.5,364,1432,1796
731,2012-12-31,1,1,12,0,1,1,2,8.8,11.2,57.8,10.4,439,2290,2729
